{
    "tag": "Polynomial fit to database for my_airfoil airfoil.",
    "degrees_of_freedom": [
        "trailing_flap_deflection",
        "alpha",
        "Rey",
        "Mach",
        "trailing_flap_fraction"
    ],
    "limits": [
        [
            -0.3490658503988659,
            0.3490658503988659
        ],
        [
            -0.08726646259971647,
            0.08726646259971647
        ],
        [
            100000.0,
            400000.0
        ],
        [
            0.0,
            0.4
        ],
        [
            0.0,
            0.5
        ]
    ],
    "fit_degrees": {
        "CL": [
            1,
            3,
            1,
            2,
            1
        ],
        "CD": [
            1,
            4,
            1,
            2,
            1
        ],
        "Cm": [
            1,
            1,
            1,
            2,
            1
        ]
    },
    "fit_error": {
        "CL": {
            "R^2": 0.9781049509616333,
            "RMS": 0.11414218794151114,
            "RMSN": 0.18005462123710944
        },
        "CD": {
            "R^2": 0.500523184114656,
            "RMS": 0.012734794341878797,
            "RMSN": 0.5543333269387577
        },
        "Cm": {
            "R^2": 0.9186234633537477,
            "RMS": 0.026782113107223473,
            "RMSN": 0.38864448891247927
        }
    },
    "fit_coefs": {
        "CL": [
            0.0006529139539593611,
            0.006070724659125352,
            -0.003936637664895039,
            -0.1919418577055944,
            0.006015568239329886,
            0.2746575032042677,
            -1.9165380093404774e-09,
            -6.093797721505262e-09,
            -2.809305321105417e-07,
            1.8096146544134599e-06,
            7.063941600212054e-07,
            -4.227228357563265e-06,
            11.673596520386608,
            -2.5123405452606717,
            -1.3856621632434132,
            -15.731968793873618,
            15.019545035805427,
            35.20400508806731,
            -1.0947824869745818e-05,
            -1.0686280794454268e-05,
            -7.566168551566001e-07,
            9.621650588102251e-05,
            -2.8305057231494576e-05,
            -0.0002224000170090528,
            -1.2918029193570115,
            2.3874271754504415,
            7.317306666948212,
            -4.5691064066161715,
            4.680423694801593,
            -55.6868931621174,
            3.162143682141194e-06,
            -9.764390401141975e-06,
            1.3959068911989552e-05,
            -5.634492964555167e-05,
            -9.983942835932946e-05,
            0.000440616591662768,
            -673.0519659348598,
            630.6602177935641,
            330.33546863065203,
            1361.4401206221767,
            -2037.8762834921606,
            -3476.315818326386,
            0.0018428331402679074,
            -0.001761346810115741,
            -2.154945563295023e-05,
            -0.013164089850031886,
            0.004160524389280622,
            0.03700730561480283,
            -0.04598032941299051,
            7.61721590791988,
            0.31747367526546827,
            -4.0018896056598665,
            -0.8688383950549046,
            18.166645090428933,
            8.15553891342978e-07,
            4.6671377758720425e-06,
            -5.445016384038179e-07,
            -6.365826624856297e-08,
            -5.121748318288268e-07,
            2.2916169632356022e-05,
            0.48869216838794927,
            -1.413147436957745,
            4.921032022889859,
            -71.63625931432725,
            -15.492255858865162,
            161.09905188289878,
            -1.264739575078003e-06,
            2.0119897653288957e-06,
            -4.015766211704925e-05,
            0.0005631788800892284,
            0.00011760922181860582,
            -0.0014044822735280054,
            33.44783660484068,
            -167.56592201083453,
            108.98803573840785,
            -265.54148315997753,
            -347.76592486634416,
            247.71538813913483,
            -0.00014249640008926157,
            0.0005359373449886828,
            -0.00028903096865857687,
            0.0013047977460732961,
            0.0009487554515518183,
            -0.0043126683524150715,
            -97.67450576537901,
            266.42347813325244,
            -660.7431356829607,
            10600.557509349066,
            2908.878626138132,
            -30490.17907960651,
            0.0002562734776639749,
            -0.00011069081780724749,
            0.005697148558209212,
            -0.08269134725193097,
            -0.01964879600675141,
            0.23305988231471192
        ],